{"cameraMode":{"drawMode":0,"name":"Shaded","section":"Shading Mode"},"sceneLighting":false,"audioPlay":false,"sceneViewState":{"showFog":false,"showMaterialUpdate":false,"showSkybox":false,"showFlares":false,"showImageEffects":false,"showParticleSystems":false},"in2DMode":false,"pivot":{"x":-0.06426763534545899,"y":0.8016024827957153,"z":-0.06371080875396729},"rotation":{"x":-0.21499645709991456,"y":0.21646857261657716,"z":-0.048929110169410709,"w":-0.9511187076568604},"size":4.886153221130371,"orthographic":false}