{"cameraMode":{"drawMode":0,"name":"Shaded","section":"Shading Mode"},"sceneLighting":true,"audioPlay":false,"sceneViewState":{"showFog":false,"showMaterialUpdate":false,"showSkybox":false,"showFlares":false,"showImageEffects":false,"showParticleSystems":false},"in2DMode":false,"pivot":{"x":-1.1140822172164918,"y":2.254359722137451,"z":0.11296617239713669},"rotation":{"x":0.17781111598014832,"y":0.025695528835058214,"z":-0.0046913111582398418,"w":0.9837939739227295},"size":22.272035598754884,"orthographic":false}