{"cameraMode":{"drawMode":0,"name":"Shaded","section":"Shading Mode"},"sceneLighting":false,"audioPlay":false,"sceneViewState":{"showFog":false,"showMaterialUpdate":false,"showSkybox":false,"showFlares":false,"showImageEffects":false,"showParticleSystems":false},"in2DMode":false,"pivot":{"x":0.04984080791473389,"y":0.860973060131073,"z":0.01192396879196167},"rotation":{"x":-0.33424872159957888,"y":0.0033902761060744526,"z":-0.0012025871546939016,"w":-0.9424800276756287},"size":4.727138519287109,"orthographic":false}