{"cameraMode":{"drawMode":0,"name":"Shaded","section":"Shading Mode"},"sceneLighting":true,"audioPlay":false,"sceneViewState":{"showFog":false,"showMaterialUpdate":false,"showSkybox":false,"showFlares":false,"showImageEffects":false,"showParticleSystems":false},"in2DMode":false,"pivot":{"x":-0.7755450010299683,"y":8.513511657714844,"z":-6.853473663330078},"rotation":{"x":-0.38234224915504458,"y":-0.2364577203989029,"z":0.10187630355358124,"w":-0.8874274492263794},"size":26.211700439453126,"orthographic":false}