{"cameraMode":{"drawMode":0,"name":"Shaded","section":"Shading Mode"},"sceneLighting":true,"audioPlay":false,"sceneViewState":{"showFog":false,"showMaterialUpdate":false,"showSkybox":false,"showFlares":false,"showImageEffects":false,"showParticleSystems":false},"in2DMode":false,"pivot":{"x":-0.3197689652442932,"y":0.7050628662109375,"z":-2.8466925621032717},"rotation":{"x":0.4739607572555542,"y":-0.012661967426538468,"z":0.00680181011557579,"w":0.8804903030395508},"size":22.073158264160158,"orthographic":false}