{"cameraMode":{"drawMode":0,"name":"Shaded","section":"Shading Mode"},"sceneLighting":true,"audioPlay":false,"sceneViewState":{"showFog":false,"showMaterialUpdate":false,"showSkybox":false,"showFlares":false,"showImageEffects":false,"showParticleSystems":false},"in2DMode":false,"pivot":{"x":0.5974193811416626,"y":1.4711374044418336,"z":0.14254026114940644},"rotation":{"x":0.3355987071990967,"y":0.02176252380013466,"z":-0.007810352370142937,"w":0.9417994022369385},"size":7.105890274047852,"orthographic":false}