{"cameraMode":{"drawMode":0,"name":"Shaded","section":"Shading Mode"},"sceneLighting":true,"audioPlay":false,"sceneViewState":{"showFog":false,"showMaterialUpdate":false,"showSkybox":false,"showFlares":false,"showImageEffects":false,"showParticleSystems":false},"in2DMode":false,"pivot":{"x":-0.006706118583679199,"y":0.8417193293571472,"z":0.0013412833213806153},"rotation":{"x":-0.39979100227355959,"y":-0.009077084250748158,"z":0.0039588757790625099,"w":-0.9165539741516113},"size":8.74889087677002,"orthographic":false}